sgBD1011A,sgBD1415A,sgBD1718A,sgBD1718C,sgBD2324AB,sgBD2324AT,sgBD2324C,sgBD2728A
5.280218221650181e-12,4.449358064351037e-12,4.534499341712382e-12,1.3988106387546231e-11,4.593451032459191e-12,5.2639618759612986e-12,1.3840524766039719e-11,2.2308031992152266e-11
